Species,Area,Year,Catch
"Anchovies, etc. NEI","Indian Ocean, Western",2014,56845
"Anchovies, etc. NEI","Indian Ocean, Western",2015,34305
"Anchovies, etc. NEI","Indian Ocean, Western",2016,33013
"Anchovies, etc. NEI","Indian Ocean, Western",2017,33216
"Anchovies, etc. NEI","Indian Ocean, Western",2018,41730.61
"Anchovies, etc. NEI","Indian Ocean, Western",2019,37008.26
"Anchovies, etc. NEI","Indian Ocean, Western",2020,35361.81
"Anchovies, etc. NEI","Indian Ocean, Western",2021,32631.49
"Anchovies, etc. NEI","Indian Ocean, Western",2022,28350.62
"Anchovies, etc. NEI","Indian Ocean, Western",2023,32597.89
Ascidiaceans NEI,"Indian Ocean, Eastern",2014,86700
Ascidiaceans NEI,"Indian Ocean, Eastern",2015,48600
Ascidiaceans NEI,"Indian Ocean, Eastern",2016,46850
Ascidiaceans NEI,"Indian Ocean, Eastern",2017,47138
Ascidiaceans NEI,"Indian Ocean, Eastern",2018,59221.39
Ascidiaceans NEI,"Indian Ocean, Eastern",2019,52519.74
Ascidiaceans NEI,"Indian Ocean, Eastern",2020,50183.19
Ascidiaceans NEI,"Indian Ocean, Eastern",2021,46308.51
Ascidiaceans NEI,"Indian Ocean, Eastern",2022,40233.38
Ascidiaceans NEI,"Indian Ocean, Eastern",2023,46500.1
Ascidiaceans NEI,"Indian Ocean, Western",2014,6
Ascidiaceans NEI,"Indian Ocean, Western",2015,6
Ascidiaceans NEI,"Indian Ocean, Western",2016,6
Ascidiaceans NEI,"Indian Ocean, Western",2017,0
Ascidiaceans NEI,"Indian Ocean, Western",2018,0
Ascidiaceans NEI,"Indian Ocean, Western",2019,0
Ascidiaceans NEI,"Indian Ocean, Western",2020,0
Ascidiaceans NEI,"Indian Ocean, Western",2021,0
Ascidiaceans NEI,"Indian Ocean, Western",2022,0
Ascidiaceans NEI,"Indian Ocean, Western",2023,0
Barracudas NEI,"Indian Ocean, Western",2014,12350
Barracudas NEI,"Indian Ocean, Western",2015,19000
Barracudas NEI,"Indian Ocean, Western",2016,23900
Barracudas NEI,"Indian Ocean, Western",2017,21069
Barracudas NEI,"Indian Ocean, Western",2018,29305.86
Barracudas NEI,"Indian Ocean, Western",2019,21494.34
Barracudas NEI,"Indian Ocean, Western",2020,23778.39
Barracudas NEI,"Indian Ocean, Western",2021,23857.39
Barracudas NEI,"Indian Ocean, Western",2022,27371.31
Barracudas NEI,"Indian Ocean, Western",2023,29495.94
Barramundi(=Giant seaperch),"Indian Ocean, Eastern",2014,7259
Barramundi(=Giant seaperch),"Indian Ocean, Eastern",2015,11065
Barramundi(=Giant seaperch),"Indian Ocean, Eastern",2016,13917
Barramundi(=Giant seaperch),"Indian Ocean, Eastern",2017,12268
Barramundi(=Giant seaperch),"Indian Ocean, Eastern",2018,17064.14
Barramundi(=Giant seaperch),"Indian Ocean, Eastern",2019,12515.66
Barramundi(=Giant seaperch),"Indian Ocean, Eastern",2020,13845.61
Barramundi(=Giant seaperch),"Indian Ocean, Eastern",2021,13891.61
Barramundi(=Giant seaperch),"Indian Ocean, Eastern",2022,15937.69
Barramundi(=Giant seaperch),"Indian Ocean, Eastern",2023,18402.12
Bigeye tuna,"Indian Ocean, Western",2014,0
Bigeye tuna,"Indian Ocean, Western",2015,1.46
Bigeye tuna,"Indian Ocean, Western",2016,14.58
Bigeye tuna,"Indian Ocean, Western",2017,0
Bigeye tuna,"Indian Ocean, Western",2018,236.69
Bigeye tuna,"Indian Ocean, Western",2019,9
Bigeye tuna,"Indian Ocean, Western",2020,14.1
Bigeye tuna,"Indian Ocean, Western",2021,75.7
Bigeye tuna,"Indian Ocean, Western",2022,53.26
Bigeye tuna,"Indian Ocean, Western",2023,16
Bigeyes NEI,"Indian Ocean, Eastern",2014,0
Bigeyes NEI,"Indian Ocean, Eastern",2015,1.75
Bigeyes NEI,"Indian Ocean, Eastern",2016,74.42
Bigeyes NEI,"Indian Ocean, Eastern",2017,0
Bigeyes NEI,"Indian Ocean, Eastern",2018,373.69
Bigeyes NEI,"Indian Ocean, Eastern",2019,1017
Bigeyes NEI,"Indian Ocean, Eastern",2020,1017
Bigeyes NEI,"Indian Ocean, Eastern",2021,684.53
Bigeyes NEI,"Indian Ocean, Eastern",2022,481.62
Bigeyes NEI,"Indian Ocean, Eastern",2023,553
Bigeyes NEI,"Indian Ocean, Western",2014,0
Bigeyes NEI,"Indian Ocean, Western",2015,0
Bigeyes NEI,"Indian Ocean, Western",2016,30940
Bigeyes NEI,"Indian Ocean, Western",2017,46682
Bigeyes NEI,"Indian Ocean, Western",2018,13807.61
Bigeyes NEI,"Indian Ocean, Western",2019,9179.59
Bigeyes NEI,"Indian Ocean, Western",2020,5231.72
Bigeyes NEI,"Indian Ocean, Western",2021,7363.98
Bigeyes NEI,"Indian Ocean, Western",2022,16218.88
Bigeyes NEI,"Indian Ocean, Western",2023,18951.97
Black marlin,"Indian Ocean, Eastern",2014,0
Black marlin,"Indian Ocean, Eastern",2015,0
Black marlin,"Indian Ocean, Eastern",2016,99800
Black marlin,"Indian Ocean, Eastern",2017,150576
Black marlin,"Indian Ocean, Eastern",2018,44537.39
Black marlin,"Indian Ocean, Eastern",2019,29609.41
Black marlin,"Indian Ocean, Eastern",2020,16875.28
Black marlin,"Indian Ocean, Eastern",2021,23753.02
Black marlin,"Indian Ocean, Eastern",2022,52315.12
Black marlin,"Indian Ocean, Eastern",2023,54165.68
Black marlin,"Indian Ocean, Western",2014,3223.38
Black marlin,"Indian Ocean, Western",2015,3161.11
Black marlin,"Indian Ocean, Western",2016,6832.16
Black marlin,"Indian Ocean, Western",2017,1062.62
Black marlin,"Indian Ocean, Western",2018,3404.31
Black marlin,"Indian Ocean, Western",2019,3627.57
Black marlin,"Indian Ocean, Western",2020,3336.4
Black marlin,"Indian Ocean, Western",2021,1221.95
Black marlin,"Indian Ocean, Western",2022,1254.68
Black marlin,"Indian Ocean, Western",2023,5103.67
Black pomfret,"Indian Ocean, Eastern",2014,379.03
Black pomfret,"Indian Ocean, Eastern",2015,674.74
Black pomfret,"Indian Ocean, Eastern",2016,998.31
Black pomfret,"Indian Ocean, Eastern",2017,202.04
Black pomfret,"Indian Ocean, Eastern",2018,1360.8
Black pomfret,"Indian Ocean, Eastern",2019,804.22
Black pomfret,"Indian Ocean, Eastern",2020,357.43
Black pomfret,"Indian Ocean, Eastern",2021,1004.24
Black pomfret,"Indian Ocean, Eastern",2022,1105.83
Black pomfret,"Indian Ocean, Eastern",2023,1453.86
Black pomfret,"Indian Ocean, Western",2014,0
Black pomfret,"Indian Ocean, Western",2015,0
Black pomfret,"Indian Ocean, Western",2016,0
Black pomfret,"Indian Ocean, Western",2017,0
Black pomfret,"Indian Ocean, Western",2018,0
Black pomfret,"Indian Ocean, Western",2019,9613.82
Black pomfret,"Indian Ocean, Western",2020,14027.1
Black pomfret,"Indian Ocean, Western",2021,11593.34
Black pomfret,"Indian Ocean, Western",2022,12235.38
Black pomfret,"Indian Ocean, Western",2023,13133.11
Blue marlin,"Indian Ocean, Eastern",2014,0
Blue marlin,"Indian Ocean, Eastern",2015,0
Blue marlin,"Indian Ocean, Eastern",2016,0
Blue marlin,"Indian Ocean, Eastern",2017,0
Blue marlin,"Indian Ocean, Eastern",2018,0
Blue marlin,"Indian Ocean, Eastern",2019,6408.19
Blue marlin,"Indian Ocean, Eastern",2020,9349.9
Blue marlin,"Indian Ocean, Eastern",2021,7727.66
Blue marlin,"Indian Ocean, Eastern",2022,8155.62
Blue marlin,"Indian Ocean, Eastern",2023,9019.03
Blue marlin,"Indian Ocean, Western",2014,0.3
Blue marlin,"Indian Ocean, Western",2015,0.18
Blue marlin,"Indian Ocean, Western",2016,0.07
Blue marlin,"Indian Ocean, Western",2017,570.02
Blue marlin,"Indian Ocean, Western",2018,666.86
Blue marlin,"Indian Ocean, Western",2019,1245.01
Blue marlin,"Indian Ocean, Western",2020,1026.91
Blue marlin,"Indian Ocean, Western",2021,1050.14
Blue marlin,"Indian Ocean, Western",2022,744.81
Blue marlin,"Indian Ocean, Western",2023,1310.33
Bombay-duck,"Indian Ocean, Eastern",2014,700
Bombay-duck,"Indian Ocean, Eastern",2015,750
Bombay-duck,"Indian Ocean, Eastern",2016,815
Bombay-duck,"Indian Ocean, Eastern",2017,900
Bombay-duck,"Indian Ocean, Eastern",2018,951.99
Bombay-duck,"Indian Ocean, Eastern",2019,997.47
Bombay-duck,"Indian Ocean, Eastern",2020,1002.34
Bombay-duck,"Indian Ocean, Eastern",2021,1030.96
Bombay-duck,"Indian Ocean, Eastern",2022,1054.97
Bombay-duck,"Indian Ocean, Eastern",2023,1141.84
Bombay-duck,"Indian Ocean, Western",2014,7646
Bombay-duck,"Indian Ocean, Western",2015,7417
Bombay-duck,"Indian Ocean, Western",2016,9751
Bombay-duck,"Indian Ocean, Western",2017,9762
Bombay-duck,"Indian Ocean, Western",2018,7581.75
Bombay-duck,"Indian Ocean, Western",2019,7885.01
Bombay-duck,"Indian Ocean, Western",2020,5326.37
Bombay-duck,"Indian Ocean, Western",2021,4622.92
Bombay-duck,"Indian Ocean, Western",2022,3722.9
Bombay-duck,"Indian Ocean, Western",2023,4147.71
Brown seaweeds,"Indian Ocean, Western",2014,105000
Brown seaweeds,"Indian Ocean, Western",2015,103000
Brown seaweeds,"Indian Ocean, Western",2016,135200
Brown seaweeds,"Indian Ocean, Western",2017,135353
Brown seaweeds,"Indian Ocean, Western",2018,105123.25
Brown seaweeds,"Indian Ocean, Western",2019,109327.99
Brown seaweeds,"Indian Ocean, Western",2020,73851.63
Brown seaweeds,"Indian Ocean, Western",2021,64098.08
Brown seaweeds,"Indian Ocean, Western",2022,51619.1
Brown seaweeds,"Indian Ocean, Western",2023,63468
Bullet tuna,"Indian Ocean, Eastern",2014,3300
Bullet tuna,"Indian Ocean, Eastern",2015,3250
Bullet tuna,"Indian Ocean, Eastern",2016,3600
Bullet tuna,"Indian Ocean, Eastern",2017,3436.24
Bullet tuna,"Indian Ocean, Eastern",2018,2787.13
Bullet tuna,"Indian Ocean, Eastern",2019,4087.03
Bullet tuna,"Indian Ocean, Eastern",2020,7686.64
Bullet tuna,"Indian Ocean, Eastern",2021,10551.75
Bullet tuna,"Indian Ocean, Eastern",2022,18946.2
Bullet tuna,"Indian Ocean, Eastern",2023,29733
Bullet tuna,"Indian Ocean, Western",2014,268.61
Bullet tuna,"Indian Ocean, Western",2015,1278.91
Bullet tuna,"Indian Ocean, Western",2016,2563.06
Bullet tuna,"Indian Ocean, Western",2017,2130.31
Bullet tuna,"Indian Ocean, Western",2018,1964.89
Bullet tuna,"Indian Ocean, Western",2019,4387
Bullet tuna,"Indian Ocean, Western",2020,1191
Bullet tuna,"Indian Ocean, Western",2021,406.7
Bullet tuna,"Indian Ocean, Western",2022,753.08
Bullet tuna,"Indian Ocean, Western",2023,3109
"Butterfishes, pomfrets NEI","Indian Ocean, Eastern",2014,894.95
"Butterfishes, pomfrets NEI","Indian Ocean, Eastern",2015,3453.09
"Butterfishes, pomfrets NEI","Indian Ocean, Eastern",2016,4750.74
"Butterfishes, pomfrets NEI","Indian Ocean, Eastern",2017,9176.69
"Butterfishes, pomfrets NEI","Indian Ocean, Eastern",2018,6331.87
"Butterfishes, pomfrets NEI","Indian Ocean, Eastern",2019,2855
"Butterfishes, pomfrets NEI","Indian Ocean, Eastern",2020,5739
"Butterfishes, pomfrets NEI","Indian Ocean, Eastern",2021,4308.52
"Butterfishes, pomfrets NEI","Indian Ocean, Eastern",2022,7978.02
"Butterfishes, pomfrets NEI","Indian Ocean, Eastern",2023,9386
"Butterfishes, pomfrets NEI","Indian Ocean, Western",2014,30000
"Butterfishes, pomfrets NEI","Indian Ocean, Western",2015,24500
"Butterfishes, pomfrets NEI","Indian Ocean, Western",2016,26500
"Butterfishes, pomfrets NEI","Indian Ocean, Western",2017,28128
"Butterfishes, pomfrets NEI","Indian Ocean, Western",2018,24708.98
"Butterfishes, pomfrets NEI","Indian Ocean, Western",2019,0
"Butterfishes, pomfrets NEI","Indian Ocean, Western",2020,0
"Butterfishes, pomfrets NEI","Indian Ocean, Western",2021,0
"Butterfishes, pomfrets NEI","Indian Ocean, Western",2022,0
"Butterfishes, pomfrets NEI","Indian Ocean, Western",2023,0
Carangids NEI,"Indian Ocean, Eastern",2014,20192
Carangids NEI,"Indian Ocean, Eastern",2015,16304
Carangids NEI,"Indian Ocean, Eastern",2016,17663
Carangids NEI,"Indian Ocean, Eastern",2017,18749
Carangids NEI,"Indian Ocean, Eastern",2018,16470.02
Carangids NEI,"Indian Ocean, Eastern",2019,0
Carangids NEI,"Indian Ocean, Eastern",2020,0
Carangids NEI,"Indian Ocean, Eastern",2021,0
Carangids NEI,"Indian Ocean, Eastern",2022,0
Carangids NEI,"Indian Ocean, Eastern",2023,0
Carangids NEI,"Indian Ocean, Western",2014,48034
Carangids NEI,"Indian Ocean, Western",2015,5681
Carangids NEI,"Indian Ocean, Western",2016,6128
Carangids NEI,"Indian Ocean, Western",2017,4385
Carangids NEI,"Indian Ocean, Western",2018,4904.03
Carangids NEI,"Indian Ocean, Western",2019,4923.02
Carangids NEI,"Indian Ocean, Western",2020,4539.41
Carangids NEI,"Indian Ocean, Western",2021,4692.71
Carangids NEI,"Indian Ocean, Western",2022,4233.85
Carangids NEI,"Indian Ocean, Western",2023,4534.14
Cephalopods NEI,"Indian Ocean, Eastern",2014,91200
Cephalopods NEI,"Indian Ocean, Eastern",2015,10500
Cephalopods NEI,"Indian Ocean, Eastern",2016,11300
Cephalopods NEI,"Indian Ocean, Eastern",2017,11852
Cephalopods NEI,"Indian Ocean, Eastern",2018,9042.97
Cephalopods NEI,"Indian Ocean, Eastern",2019,9077.98
Cephalopods NEI,"Indian Ocean, Eastern",2020,8370.59
Cephalopods NEI,"Indian Ocean, Eastern",2021,8653.29
Cephalopods NEI,"Indian Ocean, Eastern",2022,7807.15
Cephalopods NEI,"Indian Ocean, Eastern",2023,8525.06
Cephalopods NEI,"Indian Ocean, Western",2014,26013
Cephalopods NEI,"Indian Ocean, Western",2015,0
Cephalopods NEI,"Indian Ocean, Western",2016,0
Cephalopods NEI,"Indian Ocean, Western",2017,0
Cephalopods NEI,"Indian Ocean, Western",2018,0
Cephalopods NEI,"Indian Ocean, Western",2019,0
Cephalopods NEI,"Indian Ocean, Western",2020,0
Cephalopods NEI,"Indian Ocean, Western",2021,0
Cephalopods NEI,"Indian Ocean, Western",2022,0
Cephalopods NEI,"Indian Ocean, Western",2023,0
Chinese silver pomfret,"Indian Ocean, Eastern",2014,147200
Chinese silver pomfret,"Indian Ocean, Eastern",2015,0
Chinese silver pomfret,"Indian Ocean, Eastern",2016,0
Chinese silver pomfret,"Indian Ocean, Eastern",2017,0
Chinese silver pomfret,"Indian Ocean, Eastern",2018,0
Chinese silver pomfret,"Indian Ocean, Eastern",2019,0
Chinese silver pomfret,"Indian Ocean, Eastern",2020,0
Chinese silver pomfret,"Indian Ocean, Eastern",2021,0
Chinese silver pomfret,"Indian Ocean, Eastern",2022,0
Chinese silver pomfret,"Indian Ocean, Eastern",2023,0
Chinese silver pomfret,"Indian Ocean, Western",2014,0
Chinese silver pomfret,"Indian Ocean, Western",2015,0
Chinese silver pomfret,"Indian Ocean, Western",2016,0
Chinese silver pomfret,"Indian Ocean, Western",2017,0
Chinese silver pomfret,"Indian Ocean, Western",2018,0
Chinese silver pomfret,"Indian Ocean, Western",2019,3959.65
Chinese silver pomfret,"Indian Ocean, Western",2020,4805.71
Chinese silver pomfret,"Indian Ocean, Western",2021,3843.25
Chinese silver pomfret,"Indian Ocean, Western",2022,3666.24
Chinese silver pomfret,"Indian Ocean, Western",2023,4109.32
Clupeoids NEI,"Indian Ocean, Eastern",2014,0
Clupeoids NEI,"Indian Ocean, Eastern",2015,0
Clupeoids NEI,"Indian Ocean, Eastern",2016,0
Clupeoids NEI,"Indian Ocean, Eastern",2017,0
Clupeoids NEI,"Indian Ocean, Eastern",2018,0
Clupeoids NEI,"Indian Ocean, Eastern",2019,2639.35
Clupeoids NEI,"Indian Ocean, Eastern",2020,3203.29
Clupeoids NEI,"Indian Ocean, Eastern",2021,2561.75
Clupeoids NEI,"Indian Ocean, Eastern",2022,2443.76
Clupeoids NEI,"Indian Ocean, Eastern",2023,2551.69
Clupeoids NEI,"Indian Ocean, Western",2014,184500
Clupeoids NEI,"Indian Ocean, Western",2015,213500
Clupeoids NEI,"Indian Ocean, Western",2016,167600
Clupeoids NEI,"Indian Ocean, Western",2017,189776
Clupeoids NEI,"Indian Ocean, Western",2018,151703.61
Clupeoids NEI,"Indian Ocean, Western",2019,165009.28
Clupeoids NEI,"Indian Ocean, Western",2020,184147.11
Clupeoids NEI,"Indian Ocean, Western",2021,192039.13
Clupeoids NEI,"Indian Ocean, Western",2022,159037.4
Clupeoids NEI,"Indian Ocean, Western",2023,172663.45
Cobia,"Indian Ocean, Eastern",2014,108375
Cobia,"Indian Ocean, Eastern",2015,125606
Cobia,"Indian Ocean, Eastern",2016,98707
Cobia,"Indian Ocean, Eastern",2017,111768
Cobia,"Indian Ocean, Eastern",2018,89345.38
Cobia,"Indian Ocean, Eastern",2019,97181.72
Cobia,"Indian Ocean, Eastern",2020,108452.88
Cobia,"Indian Ocean, Eastern",2021,113100.87
Cobia,"Indian Ocean, Eastern",2022,93664.6
Cobia,"Indian Ocean, Eastern",2023,106828.82
"Croakers, drums NEI","Indian Ocean, Eastern",2014,760
"Croakers, drums NEI","Indian Ocean, Eastern",2015,814
"Croakers, drums NEI","Indian Ocean, Eastern",2016,883
"Croakers, drums NEI","Indian Ocean, Eastern",2017,1000
"Croakers, drums NEI","Indian Ocean, Eastern",2018,1041.6
"Croakers, drums NEI","Indian Ocean, Eastern",2019,1084.9
"Croakers, drums NEI","Indian Ocean, Eastern",2020,1090.19
"Croakers, drums NEI","Indian Ocean, Eastern",2021,1121.32
"Croakers, drums NEI","Indian Ocean, Eastern",2022,1147.43
"Croakers, drums NEI","Indian Ocean, Eastern",2023,1260.89
"Croakers, drums NEI","Indian Ocean, Western",2014,32364
"Croakers, drums NEI","Indian Ocean, Western",2015,31383
"Croakers, drums NEI","Indian Ocean, Western",2016,31893
"Croakers, drums NEI","Indian Ocean, Western",2017,30367
"Croakers, drums NEI","Indian Ocean, Western",2018,27377.62
"Croakers, drums NEI","Indian Ocean, Western",2019,27438.05
"Croakers, drums NEI","Indian Ocean, Western",2020,23789.35
"Croakers, drums NEI","Indian Ocean, Western",2021,20472.32
"Croakers, drums NEI","Indian Ocean, Western",2022,18200.07
"Croakers, drums NEI","Indian Ocean, Western",2023,20787.85
"Cuttlefish, bobtail squids NEI","Indian Ocean, Eastern",2014,129500
"Cuttlefish, bobtail squids NEI","Indian Ocean, Eastern",2015,124000
"Cuttlefish, bobtail squids NEI","Indian Ocean, Eastern",2016,125900
"Cuttlefish, bobtail squids NEI","Indian Ocean, Eastern",2017,119874
"Cuttlefish, bobtail squids NEI","Indian Ocean, Eastern",2018,108073.38
"Cuttlefish, bobtail squids NEI","Indian Ocean, Eastern",2019,108311.95
"Cuttlefish, bobtail squids NEI","Indian Ocean, Eastern",2020,93908.65
"Cuttlefish, bobtail squids NEI","Indian Ocean, Eastern",2021,80814.68
"Cuttlefish, bobtail squids NEI","Indian Ocean, Eastern",2022,71844.93
"Cuttlefish, bobtail squids NEI","Indian Ocean, Eastern",2023,80653.44
"Cuttlefish, bobtail squids NEI","Indian Ocean, Western",2014,0
"Cuttlefish, bobtail squids NEI","Indian Ocean, Western",2015,16146
"Cuttlefish, bobtail squids NEI","Indian Ocean, Western",2016,15305
"Cuttlefish, bobtail squids NEI","Indian Ocean, Western",2017,16400
"Cuttlefish, bobtail squids NEI","Indian Ocean, Western",2018,12877.03
"Cuttlefish, bobtail squids NEI","Indian Ocean, Western",2019,13958.54
"Cuttlefish, bobtail squids NEI","Indian Ocean, Western",2020,12225.62
"Cuttlefish, bobtail squids NEI","Indian Ocean, Western",2021,10243.59
"Cuttlefish, bobtail squids NEI","Indian Ocean, Western",2022,11099.6
"Cuttlefish, bobtail squids NEI","Indian Ocean, Western",2023,12225.92
Emperors(=Scavengers) NEI,"Indian Ocean, Eastern",2014,2350
Emperors(=Scavengers) NEI,"Indian Ocean, Eastern",2015,2530
Emperors(=Scavengers) NEI,"Indian Ocean, Eastern",2016,2750
Emperors(=Scavengers) NEI,"Indian Ocean, Eastern",2017,3000
Emperors(=Scavengers) NEI,"Indian Ocean, Eastern",2018,3193.44
Emperors(=Scavengers) NEI,"Indian Ocean, Eastern",2019,3358.83
Emperors(=Scavengers) NEI,"Indian Ocean, Eastern",2020,3375.21
Emperors(=Scavengers) NEI,"Indian Ocean, Eastern",2021,3471.61
Emperors(=Scavengers) NEI,"Indian Ocean, Eastern",2022,3552.43
Emperors(=Scavengers) NEI,"Indian Ocean, Eastern",2023,4207.23
Emperors(=Scavengers) NEI,"Indian Ocean, Western",2014,0
Emperors(=Scavengers) NEI,"Indian Ocean, Western",2015,9950
Emperors(=Scavengers) NEI,"Indian Ocean, Western",2016,6650
Emperors(=Scavengers) NEI,"Indian Ocean, Western",2017,8756
Emperors(=Scavengers) NEI,"Indian Ocean, Western",2018,6366.6
Emperors(=Scavengers) NEI,"Indian Ocean, Western",2019,6143.49
Emperors(=Scavengers) NEI,"Indian Ocean, Western",2020,7571.92
Emperors(=Scavengers) NEI,"Indian Ocean, Western",2021,7994.24
Emperors(=Scavengers) NEI,"Indian Ocean, Western",2022,6770.85
Emperors(=Scavengers) NEI,"Indian Ocean, Western",2023,7297.09
False trevally,"Indian Ocean, Eastern",2014,0
False trevally,"Indian Ocean, Eastern",2015,8811
False trevally,"Indian Ocean, Eastern",2016,5869
False trevally,"Indian Ocean, Eastern",2017,7727
False trevally,"Indian Ocean, Eastern",2018,5618.4
False trevally,"Indian Ocean, Eastern",2019,5421.51
False trevally,"Indian Ocean, Eastern",2020,6682.08
False trevally,"Indian Ocean, Eastern",2021,7054.76
False trevally,"Indian Ocean, Eastern",2022,5975.15
False trevally,"Indian Ocean, Eastern",2023,6672.3
False trevally,"Indian Ocean, Western",2014,1421
False trevally,"Indian Ocean, Western",2015,1462
False trevally,"Indian Ocean, Western",2016,1312
False trevally,"Indian Ocean, Western",2017,791
False trevally,"Indian Ocean, Western",2018,1596.96
False trevally,"Indian Ocean, Western",2019,1005.01
False trevally,"Indian Ocean, Western",2020,722.43
False trevally,"Indian Ocean, Western",2021,1384.82
False trevally,"Indian Ocean, Western",2022,1704.17
False trevally,"Indian Ocean, Western",2023,1868.55
Flatfishes NEI,"Indian Ocean, Eastern",2014,5500
Flatfishes NEI,"Indian Ocean, Eastern",2015,5600
Flatfishes NEI,"Indian Ocean, Eastern",2016,5000
Flatfishes NEI,"Indian Ocean, Eastern",2017,3016
Flatfishes NEI,"Indian Ocean, Eastern",2018,6089.04
Flatfishes NEI,"Indian Ocean, Eastern",2019,3831.99
Flatfishes NEI,"Indian Ocean, Eastern",2020,2754.57
Flatfishes NEI,"Indian Ocean, Eastern",2021,5280.18
Flatfishes NEI,"Indian Ocean, Eastern",2022,6497.83
Flatfishes NEI,"Indian Ocean, Eastern",2023,7309.31
Flatfishes NEI,"Indian Ocean, Western",2014,9116
Flatfishes NEI,"Indian Ocean, Western",2015,7481
Flatfishes NEI,"Indian Ocean, Western",2016,7428
Flatfishes NEI,"Indian Ocean, Western",2017,7683
Flatfishes NEI,"Indian Ocean, Western",2018,8645.16
Flatfishes NEI,"Indian Ocean, Western",2019,8476.35
Flatfishes NEI,"Indian Ocean, Western",2020,5880.72
Flatfishes NEI,"Indian Ocean, Western",2021,6982.87
Flatfishes NEI,"Indian Ocean, Western",2022,5156.52
Flatfishes NEI,"Indian Ocean, Western",2023,5421.98
Flyingfishes NEI,"Indian Ocean, Eastern",2014,44000
Flyingfishes NEI,"Indian Ocean, Eastern",2015,36700
Flyingfishes NEI,"Indian Ocean, Eastern",2016,36400
Flyingfishes NEI,"Indian Ocean, Eastern",2017,37649
Flyingfishes NEI,"Indian Ocean, Eastern",2018,42363.85
Flyingfishes NEI,"Indian Ocean, Eastern",2019,41536.65
Flyingfishes NEI,"Indian Ocean, Eastern",2020,28817.28
Flyingfishes NEI,"Indian Ocean, Eastern",2021,34218.13
Flyingfishes NEI,"Indian Ocean, Eastern",2022,25268.48
Flyingfishes NEI,"Indian Ocean, Eastern",2023,28281.37
Flyingfishes NEI,"Indian Ocean, Western",2014,3750
Flyingfishes NEI,"Indian Ocean, Western",2015,4150
Flyingfishes NEI,"Indian Ocean, Western",2016,3230
Flyingfishes NEI,"Indian Ocean, Western",2017,1268
Flyingfishes NEI,"Indian Ocean, Western",2018,1912.84
Flyingfishes NEI,"Indian Ocean, Western",2019,1875.13
Flyingfishes NEI,"Indian Ocean, Western",2020,382.76
Flyingfishes NEI,"Indian Ocean, Western",2021,383.7
Flyingfishes NEI,"Indian Ocean, Western",2022,702.35
Flyingfishes NEI,"Indian Ocean, Western",2023,758.44
Frigate tuna,"Indian Ocean, Eastern",2014,67000
Frigate tuna,"Indian Ocean, Eastern",2015,71800
Frigate tuna,"Indian Ocean, Eastern",2016,78000
Frigate tuna,"Indian Ocean, Eastern",2017,85000
Frigate tuna,"Indian Ocean, Eastern",2018,90718.14
Frigate tuna,"Indian Ocean, Eastern",2019,95335.62
Frigate tuna,"Indian Ocean, Eastern",2020,95800.51
Frigate tuna,"Indian Ocean, Eastern",2021,98536.6
Frigate tuna,"Indian Ocean, Eastern",2022,100830.63
Frigate tuna,"Indian Ocean, Eastern",2023,116782.46
Frigate tuna,"Indian Ocean, Western",2014,3965.84
Frigate tuna,"Indian Ocean, Western",2015,1317.28
Frigate tuna,"Indian Ocean, Western",2016,2673.32
Frigate tuna,"Indian Ocean, Western",2017,1981.84
Frigate tuna,"Indian Ocean, Western",2018,1397.33
Frigate tuna,"Indian Ocean, Western",2019,5642
Frigate tuna,"Indian Ocean, Western",2020,3283
Frigate tuna,"Indian Ocean, Western",2021,2984.2
Frigate tuna,"Indian Ocean, Western",2022,5525.8
Frigate tuna,"Indian Ocean, Western",2023,9096
Giant tiger prawn,"Indian Ocean, Western",2014,88402
Giant tiger prawn,"Indian Ocean, Western",2015,85695
Giant tiger prawn,"Indian Ocean, Western",2016,86116
Giant tiger prawn,"Indian Ocean, Western",2017,90160
Giant tiger prawn,"Indian Ocean, Western",2018,82689.88
Giant tiger prawn,"Indian Ocean, Western",2019,83750.21
Giant tiger prawn,"Indian Ocean, Western",2020,67383.86
Giant tiger prawn,"Indian Ocean, Western",2021,72486.29
Giant tiger prawn,"Indian Ocean, Western",2022,70291.6
Giant tiger prawn,"Indian Ocean, Western",2023,79087.52
Goatfishes,"Indian Ocean, Eastern",2014,117200
Goatfishes,"Indian Ocean, Eastern",2015,113500
Goatfishes,"Indian Ocean, Eastern",2016,114000
Goatfishes,"Indian Ocean, Eastern",2017,119353
Goatfishes,"Indian Ocean, Eastern",2018,109464.12
Goatfishes,"Indian Ocean, Eastern",2019,110867.79
Goatfishes,"Indian Ocean, Eastern",2020,89202.14
Goatfishes,"Indian Ocean, Eastern",2021,95842.77
Goatfishes,"Indian Ocean, Eastern",2022,93051.4
Goatfishes,"Indian Ocean, Eastern",2023,97265.56
Goatfishes,"Indian Ocean, Western",2014,12400
Goatfishes,"Indian Ocean, Western",2015,17000
Goatfishes,"Indian Ocean, Western",2016,16900
Goatfishes,"Indian Ocean, Western",2017,11335
Goatfishes,"Indian Ocean, Western",2018,10558.53
Goatfishes,"Indian Ocean, Western",2019,12674.14
Goatfishes,"Indian Ocean, Western",2020,11145.21
Goatfishes,"Indian Ocean, Western",2021,12130.45
Goatfishes,"Indian Ocean, Western",2022,11655.97
Goatfishes,"Indian Ocean, Western",2023,12151.75
Green seaweeds,"Indian Ocean, Western",2014,9685
Green seaweeds,"Indian Ocean, Western",2015,13470
Green seaweeds,"Indian Ocean, Western",2016,13376
Green seaweeds,"Indian Ocean, Western",2017,8971
Green seaweeds,"Indian Ocean, Western",2018,8356.47
Green seaweeds,"Indian Ocean, Western",2019,10030.86
Green seaweeds,"Indian Ocean, Western",2020,8820.79
Green seaweeds,"Indian Ocean, Western",2021,9600.55
Green seaweeds,"Indian Ocean, Western",2022,9225.03
Green seaweeds,"Indian Ocean, Western",2023,9659.13
Groupers NEI,"Indian Ocean, Eastern",2014,11340
Groupers NEI,"Indian Ocean, Eastern",2015,11200
Groupers NEI,"Indian Ocean, Eastern",2016,12350
Groupers NEI,"Indian Ocean, Eastern",2017,11788.2
Groupers NEI,"Indian Ocean, Eastern",2018,9561.41
Groupers NEI,"Indian Ocean, Eastern",2019,9709.48
Groupers NEI,"Indian Ocean, Eastern",2020,12992.67
Groupers NEI,"Indian Ocean, Eastern",2021,12759.13
Groupers NEI,"Indian Ocean, Eastern",2022,16159.18
Groupers NEI,"Indian Ocean, Eastern",2023,17198
Groupers NEI,"Indian Ocean, Western",2014,0
Groupers NEI,"Indian Ocean, Western",2015,22850
Groupers NEI,"Indian Ocean, Western",2016,22700
Groupers NEI,"Indian Ocean, Western",2017,28613
Groupers NEI,"Indian Ocean, Western",2018,27291.23
Groupers NEI,"Indian Ocean, Western",2019,14065.6
Groupers NEI,"Indian Ocean, Western",2020,17897.72
Groupers NEI,"Indian Ocean, Western",2021,26379.1
Groupers NEI,"Indian Ocean, Western",2022,26005.55
Groupers NEI,"Indian Ocean, Western",2023,28709.86
"Hairtails, scabbardfishes NEI","Indian Ocean, Eastern",2014,0
"Hairtails, scabbardfishes NEI","Indian Ocean, Eastern",2015,20296
"Hairtails, scabbardfishes NEI","Indian Ocean, Eastern",2016,20081
"Hairtails, scabbardfishes NEI","Indian Ocean, Eastern",2017,25311
"Hairtails, scabbardfishes NEI","Indian Ocean, Eastern",2018,24141.77
"Hairtails, scabbardfishes NEI","Indian Ocean, Eastern",2019,12442.4
"Hairtails, scabbardfishes NEI","Indian Ocean, Eastern",2020,15832.28
"Hairtails, scabbardfishes NEI","Indian Ocean, Eastern",2021,23334.9
"Hairtails, scabbardfishes NEI","Indian Ocean, Eastern",2022,23004.45
"Hairtails, scabbardfishes NEI","Indian Ocean, Eastern",2023,26078.37
"Hairtails, scabbardfishes NEI","Indian Ocean, Western",2014,50405
"Hairtails, scabbardfishes NEI","Indian Ocean, Western",2015,44259
"Hairtails, scabbardfishes NEI","Indian Ocean, Western",2016,54200
"Hairtails, scabbardfishes NEI","Indian Ocean, Western",2017,59756
"Hairtails, scabbardfishes NEI","Indian Ocean, Western",2018,48388.49
"Hairtails, scabbardfishes NEI","Indian Ocean, Western",2019,54608.38
"Hairtails, scabbardfishes NEI","Indian Ocean, Western",2020,35878.07
"Hairtails, scabbardfishes NEI","Indian Ocean, Western",2021,35275.9
"Hairtails, scabbardfishes NEI","Indian Ocean, Western",2022,56560.18
"Hairtails, scabbardfishes NEI","Indian Ocean, Western",2023,59276.32
Halfbeaks NEI,"Indian Ocean, Eastern",2014,159000
Halfbeaks NEI,"Indian Ocean, Eastern",2015,133000
Halfbeaks NEI,"Indian Ocean, Eastern",2016,162900
Halfbeaks NEI,"Indian Ocean, Eastern",2017,179599
Halfbeaks NEI,"Indian Ocean, Eastern",2018,145433.51
Halfbeaks NEI,"Indian Ocean, Eastern",2019,164127.62
Halfbeaks NEI,"Indian Ocean, Eastern",2020,107832.93
Halfbeaks NEI,"Indian Ocean, Eastern",2021,106023.1
Halfbeaks NEI,"Indian Ocean, Eastern",2022,169993.82
Halfbeaks NEI,"Indian Ocean, Eastern",2023,186162.02
Halfbeaks NEI,"Indian Ocean, Western",2014,4400
Halfbeaks NEI,"Indian Ocean, Western",2015,3500
Halfbeaks NEI,"Indian Ocean, Western",2016,3760
Halfbeaks NEI,"Indian Ocean, Western",2017,5300
Halfbeaks NEI,"Indian Ocean, Western",2018,4709.69
Halfbeaks NEI,"Indian Ocean, Western",2019,3925.08
Halfbeaks NEI,"Indian Ocean, Western",2020,2928.68
Halfbeaks NEI,"Indian Ocean, Western",2021,4009.79
Halfbeaks NEI,"Indian Ocean, Western",2022,4647.16
Halfbeaks NEI,"Indian Ocean, Western",2023,5188.14
"Hard corals, madrepores NEI","Indian Ocean, Eastern",2014,2152
"Hard corals, madrepores NEI","Indian Ocean, Eastern",2015,1704
"Hard corals, madrepores NEI","Indian Ocean, Eastern",2016,1833
"Hard corals, madrepores NEI","Indian Ocean, Eastern",2017,2583
"Hard corals, madrepores NEI","Indian Ocean, Eastern",2018,2295.31
"Hard corals, madrepores NEI","Indian Ocean, Eastern",2019,1912.92
"Hard corals, madrepores NEI","Indian Ocean, Eastern",2020,1427.32
"Hard corals, madrepores NEI","Indian Ocean, Eastern",2021,1954.21
"Hard corals, madrepores NEI","Indian Ocean, Eastern",2022,2264.84
"Hard corals, madrepores NEI","Indian Ocean, Eastern",2023,2498.4
Hilsa shad,"Indian Ocean, Eastern",2014,4150
Hilsa shad,"Indian Ocean, Eastern",2015,4470
Hilsa shad,"Indian Ocean, Eastern",2016,4850
Hilsa shad,"Indian Ocean, Eastern",2017,5300
Hilsa shad,"Indian Ocean, Eastern",2018,5641.14
Hilsa shad,"Indian Ocean, Eastern",2019,5930.48
Hilsa shad,"Indian Ocean, Eastern",2020,5959.39
Hilsa shad,"Indian Ocean, Eastern",2021,6129.6
Hilsa shad,"Indian Ocean, Eastern",2022,6272.3
Hilsa shad,"Indian Ocean, Eastern",2023,17015.46
Hilsa shad,"Indian Ocean, Western",2014,4200
Hilsa shad,"Indian Ocean, Western",2015,16300
Hilsa shad,"Indian Ocean, Western",2016,73900
Hilsa shad,"Indian Ocean, Western",2017,50043
Hilsa shad,"Indian Ocean, Western",2018,15919.22
Hilsa shad,"Indian Ocean, Western",2019,11634.13
Hilsa shad,"Indian Ocean, Western",2020,7433.44
Hilsa shad,"Indian Ocean, Western",2021,6395.3
Hilsa shad,"Indian Ocean, Western",2022,8416.36
Hilsa shad,"Indian Ocean, Western",2023,9910.96
Indian mackerel,"Indian Ocean, Eastern",2014,1047
Indian mackerel,"Indian Ocean, Eastern",2015,4359
Indian mackerel,"Indian Ocean, Eastern",2016,19779
Indian mackerel,"Indian Ocean, Eastern",2017,13394
Indian mackerel,"Indian Ocean, Eastern",2018,4260.78
Indian mackerel,"Indian Ocean, Eastern",2019,3113.87
Indian mackerel,"Indian Ocean, Eastern",2020,1989.56
Indian mackerel,"Indian Ocean, Eastern",2021,1711.7
Indian mackerel,"Indian Ocean, Eastern",2022,2252.64
Indian mackerel,"Indian Ocean, Eastern",2023,2440.02
Indian mackerel,"Indian Ocean, Western",2014,106556
Indian mackerel,"Indian Ocean, Western",2015,106801
Indian mackerel,"Indian Ocean, Western",2016,111941
Indian mackerel,"Indian Ocean, Western",2017,129580
Indian mackerel,"Indian Ocean, Western",2018,128475.15
Indian mackerel,"Indian Ocean, Western",2019,74207.27
Indian mackerel,"Indian Ocean, Western",2020,81324.12
Indian mackerel,"Indian Ocean, Western",2021,96315.49
Indian mackerel,"Indian Ocean, Western",2022,147696.39
Indian mackerel,"Indian Ocean, Western",2023,173171.06
Indian oil sardine,"Indian Ocean, Eastern",2014,130500
Indian oil sardine,"Indian Ocean, Eastern",2015,131000
Indian oil sardine,"Indian Ocean, Eastern",2016,137300
Indian oil sardine,"Indian Ocean, Eastern",2017,158936
Indian oil sardine,"Indian Ocean, Eastern",2018,157580.85
Indian oil sardine,"Indian Ocean, Eastern",2019,91018.73
Indian oil sardine,"Indian Ocean, Eastern",2020,99747.88
Indian oil sardine,"Indian Ocean, Eastern",2021,118135.51
Indian oil sardine,"Indian Ocean, Eastern",2022,181156.61
Indian oil sardine,"Indian Ocean, Eastern",2023,206146
Indian oil sardine,"Indian Ocean, Western",2014,109684
Indian oil sardine,"Indian Ocean, Western",2015,54667
Indian oil sardine,"Indian Ocean, Western",2016,50392
Indian oil sardine,"Indian Ocean, Western",2017,69397
Indian oil sardine,"Indian Ocean, Western",2018,31974.17
Indian oil sardine,"Indian Ocean, Western",2019,29841.8
Indian oil sardine,"Indian Ocean, Western",2020,17081.96
Indian oil sardine,"Indian Ocean, Western",2021,17934.95
Indian oil sardine,"Indian Ocean, Western",2022,51680.49
Indian oil sardine,"Indian Ocean, Western",2023,55169.55
Indo-Pacific king mackerel,"Indian Ocean, Eastern",2014,435000
Indo-Pacific king mackerel,"Indian Ocean, Eastern",2015,211000
Indo-Pacific king mackerel,"Indian Ocean, Eastern",2016,194600
Indo-Pacific king mackerel,"Indian Ocean, Eastern",2017,267993
Indo-Pacific king mackerel,"Indian Ocean, Eastern",2018,123475.84
Indo-Pacific king mackerel,"Indian Ocean, Eastern",2019,115241.2
Indo-Pacific king mackerel,"Indian Ocean, Eastern",2020,65966.04
Indo-Pacific king mackerel,"Indian Ocean, Eastern",2021,69260.05
Indo-Pacific king mackerel,"Indian Ocean, Eastern",2022,199576.51
Indo-Pacific king mackerel,"Indian Ocean, Eastern",2023,222612.24
Indo-Pacific king mackerel,"Indian Ocean, Western",2014,6286.23
Indo-Pacific king mackerel,"Indian Ocean, Western",2015,6180.88
Indo-Pacific king mackerel,"Indian Ocean, Western",2016,6450.55
Indo-Pacific king mackerel,"Indian Ocean, Western",2017,6754.84
Indo-Pacific king mackerel,"Indian Ocean, Western",2018,5525.07
Indo-Pacific king mackerel,"Indian Ocean, Western",2019,7770
Indo-Pacific king mackerel,"Indian Ocean, Western",2020,6797
Indo-Pacific king mackerel,"Indian Ocean, Western",2021,971.63
Indo-Pacific king mackerel,"Indian Ocean, Western",2022,7609.63
Indo-Pacific king mackerel,"Indian Ocean, Western",2023,6121
Indo-Pacific sailfish,"Indian Ocean, Eastern",2014,11968.77
Indo-Pacific sailfish,"Indian Ocean, Eastern",2015,10917.12
Indo-Pacific sailfish,"Indian Ocean, Eastern",2016,10659.45
Indo-Pacific sailfish,"Indian Ocean, Eastern",2017,11410.16
Indo-Pacific sailfish,"Indian Ocean, Eastern",2018,9576.21
Indo-Pacific sailfish,"Indian Ocean, Eastern",2019,8509
Indo-Pacific sailfish,"Indian Ocean, Eastern",2020,6979
Indo-Pacific sailfish,"Indian Ocean, Eastern",2021,1210.87
Indo-Pacific sailfish,"Indian Ocean, Eastern",2022,7706.36
Indo-Pacific sailfish,"Indian Ocean, Eastern",2023,7459
Indo-Pacific sailfish,"Indian Ocean, Western",2014,3726.59
Indo-Pacific sailfish,"Indian Ocean, Western",2015,5944.3
Indo-Pacific sailfish,"Indian Ocean, Western",2016,6380.22
Indo-Pacific sailfish,"Indian Ocean, Western",2017,6182.21
Indo-Pacific sailfish,"Indian Ocean, Western",2018,5274.68
Indo-Pacific sailfish,"Indian Ocean, Western",2019,4280.11
Indo-Pacific sailfish,"Indian Ocean, Western",2020,2385.03
Indo-Pacific sailfish,"Indian Ocean, Western",2021,4495.31
Indo-Pacific sailfish,"Indian Ocean, Western",2022,3955.97
Indo-Pacific sailfish,"Indian Ocean, Western",2023,2030
Jack and horse mackerels NEI,"Indian Ocean, Eastern",2014,403.47
Jack and horse mackerels NEI,"Indian Ocean, Eastern",2015,608.97
Jack and horse mackerels NEI,"Indian Ocean, Eastern",2016,648.19
Jack and horse mackerels NEI,"Indian Ocean, Eastern",2017,658.62
Jack and horse mackerels NEI,"Indian Ocean, Eastern",2018,4751.44
Jack and horse mackerels NEI,"Indian Ocean, Eastern",2019,4419.41
Jack and horse mackerels NEI,"Indian Ocean, Eastern",2020,1053
Jack and horse mackerels NEI,"Indian Ocean, Eastern",2021,3525.28
Jack and horse mackerels NEI,"Indian Ocean, Eastern",2022,3102.43
Jack and horse mackerels NEI,"Indian Ocean, Eastern",2023,4120
Jack and horse mackerels NEI,"Indian Ocean, Western",2014,0
Jack and horse mackerels NEI,"Indian Ocean, Western",2015,12810
Jack and horse mackerels NEI,"Indian Ocean, Western",2016,13936
Jack and horse mackerels NEI,"Indian Ocean, Western",2017,18133
Jack and horse mackerels NEI,"Indian Ocean, Western",2018,17102.19
Jack and horse mackerels NEI,"Indian Ocean, Western",2019,16877.12
Jack and horse mackerels NEI,"Indian Ocean, Western",2020,13411.66
Jack and horse mackerels NEI,"Indian Ocean, Western",2021,14929.26
Jack and horse mackerels NEI,"Indian Ocean, Western",2022,12357.48
Jack and horse mackerels NEI,"Indian Ocean, Western",2023,14482.93
"Jacks, crevalles NEI","Indian Ocean, Eastern",2014,0
"Jacks, crevalles NEI","Indian Ocean, Eastern",2015,23700
"Jacks, crevalles NEI","Indian Ocean, Eastern",2016,26000
"Jacks, crevalles NEI","Indian Ocean, Eastern",2017,33831
"Jacks, crevalles NEI","Indian Ocean, Eastern",2018,31907.81
"Jacks, crevalles NEI","Indian Ocean, Eastern",2019,31487.88
"Jacks, crevalles NEI","Indian Ocean, Eastern",2020,25022.34
"Jacks, crevalles NEI","Indian Ocean, Eastern",2021,27912.33
"Jacks, crevalles NEI","Indian Ocean, Eastern",2022,23055.52
"Jacks, crevalles NEI","Indian Ocean, Eastern",2023,25693.35
"Jacks, crevalles NEI","Indian Ocean, Western",2014,19135
"Jacks, crevalles NEI","Indian Ocean, Western",2015,21007
"Jacks, crevalles NEI","Indian Ocean, Western",2016,22566
"Jacks, crevalles NEI","Indian Ocean, Western",2017,42201
"Jacks, crevalles NEI","Indian Ocean, Western",2018,34231.74
"Jacks, crevalles NEI","Indian Ocean, Western",2019,35226.64
"Jacks, crevalles NEI","Indian Ocean, Western",2020,32755.85
"Jacks, crevalles NEI","Indian Ocean, Western",2021,43361.46
"Jacks, crevalles NEI","Indian Ocean, Western",2022,38119.01
"Jacks, crevalles NEI","Indian Ocean, Western",2023,40596.87
Kawakawa,"Indian Ocean, Western",2014,10359.42
Kawakawa,"Indian Ocean, Western",2015,10431.01
Kawakawa,"Indian Ocean, Western",2016,10976.69
Kawakawa,"Indian Ocean, Western",2017,8697.32
Kawakawa,"Indian Ocean, Western",2018,5856.76
Kawakawa,"Indian Ocean, Western",2019,15608
Kawakawa,"Indian Ocean, Western",2020,7188
Kawakawa,"Indian Ocean, Western",2021,5535.13
Kawakawa,"Indian Ocean, Western",2022,8750.58
Kawakawa,"Indian Ocean, Western",2023,9016
Lizardfishes NEI,"Indian Ocean, Eastern",2014,0
Lizardfishes NEI,"Indian Ocean, Eastern",2015,0
Lizardfishes NEI,"Indian Ocean, Eastern",2016,0
Lizardfishes NEI,"Indian Ocean, Eastern",2017,0
Lizardfishes NEI,"Indian Ocean, Eastern",2018,0
Lizardfishes NEI,"Indian Ocean, Eastern",2019,0
Lizardfishes NEI,"Indian Ocean, Eastern",2020,0
Lizardfishes NEI,"Indian Ocean, Eastern",2021,0
Lizardfishes NEI,"Indian Ocean, Eastern",2022,0
Lizardfishes NEI,"Indian Ocean, Eastern",2023,0
Lizardfishes NEI,"Indian Ocean, Western",2014,19202
Lizardfishes NEI,"Indian Ocean, Western",2015,27838
Lizardfishes NEI,"Indian Ocean, Western",2016,33917
Lizardfishes NEI,"Indian Ocean, Western",2017,20677
Lizardfishes NEI,"Indian Ocean, Western",2018,25017.16
Lizardfishes NEI,"Indian Ocean, Western",2019,32603.58
Lizardfishes NEI,"Indian Ocean, Western",2020,26119.99
Lizardfishes NEI,"Indian Ocean, Western",2021,29326.19
Lizardfishes NEI,"Indian Ocean, Western",2022,27321.2
Lizardfishes NEI,"Indian Ocean, Western",2023,31328.62
Lobsters NEI,"Indian Ocean, Eastern",2014,35000
Lobsters NEI,"Indian Ocean, Eastern",2015,50000
Lobsters NEI,"Indian Ocean, Eastern",2016,60900
Lobsters NEI,"Indian Ocean, Eastern",2017,37126
Lobsters NEI,"Indian Ocean, Eastern",2018,44918.84
Lobsters NEI,"Indian Ocean, Eastern",2019,58540.42
Lobsters NEI,"Indian Ocean, Eastern",2020,46899.01
Lobsters NEI,"Indian Ocean, Eastern",2021,52655.81
Lobsters NEI,"Indian Ocean, Eastern",2022,49055.8
Lobsters NEI,"Indian Ocean, Eastern",2023,52127.55
Lobsters NEI,"Indian Ocean, Western",2014,1250
Lobsters NEI,"Indian Ocean, Western",2015,1600
Lobsters NEI,"Indian Ocean, Western",2016,2380
Lobsters NEI,"Indian Ocean, Western",2017,2290
Lobsters NEI,"Indian Ocean, Western",2018,1778.89
Lobsters NEI,"Indian Ocean, Western",2019,1336.57
Lobsters NEI,"Indian Ocean, Western",2020,1111.01
Lobsters NEI,"Indian Ocean, Western",2021,971.83
Lobsters NEI,"Indian Ocean, Western",2022,1285.38
Lobsters NEI,"Indian Ocean, Western",2023,1366.8
Longtail tuna,"Indian Ocean, Eastern",2014,318
Longtail tuna,"Indian Ocean, Eastern",2015,403
Longtail tuna,"Indian Ocean, Eastern",2016,596
Longtail tuna,"Indian Ocean, Eastern",2017,573
Longtail tuna,"Indian Ocean, Eastern",2018,445.11
Longtail tuna,"Indian Ocean, Eastern",2019,334.43
Longtail tuna,"Indian Ocean, Eastern",2020,277.99
Longtail tuna,"Indian Ocean, Eastern",2021,243.17
Longtail tuna,"Indian Ocean, Eastern",2022,321.62
Longtail tuna,"Indian Ocean, Eastern",2023,356.89
Longtail tuna,"Indian Ocean, Western",2014,1031.13
Longtail tuna,"Indian Ocean, Western",2015,709.5
Longtail tuna,"Indian Ocean, Western",2016,600.8
Longtail tuna,"Indian Ocean, Western",2017,548.37
Longtail tuna,"Indian Ocean, Western",2018,131.96
Longtail tuna,"Indian Ocean, Western",2019,88
Longtail tuna,"Indian Ocean, Western",2020,18
Longtail tuna,"Indian Ocean, Western",2021,1.3
Longtail tuna,"Indian Ocean, Western",2022,2.1
Longtail tuna,"Indian Ocean, Western",2023,0
Marine crabs NEI,"Indian Ocean, Eastern",2014,11258.58
Marine crabs NEI,"Indian Ocean, Eastern",2015,8858.5
Marine crabs NEI,"Indian Ocean, Eastern",2016,7489.2
Marine crabs NEI,"Indian Ocean, Eastern",2017,6800.63
Marine crabs NEI,"Indian Ocean, Eastern",2018,7546.34
Marine crabs NEI,"Indian Ocean, Eastern",2019,5764
Marine crabs NEI,"Indian Ocean, Eastern",2020,4032
Marine crabs NEI,"Indian Ocean, Eastern",2021,1705.93
Marine crabs NEI,"Indian Ocean, Eastern",2022,2753.9
Marine crabs NEI,"Indian Ocean, Eastern",2023,4347
Marine crabs NEI,"Indian Ocean, Western",2014,36800
Marine crabs NEI,"Indian Ocean, Western",2015,38000
Marine crabs NEI,"Indian Ocean, Western",2016,45400
Marine crabs NEI,"Indian Ocean, Western",2017,42835
Marine crabs NEI,"Indian Ocean, Western",2018,45940.26
Marine crabs NEI,"Indian Ocean, Western",2019,45014.31
Marine crabs NEI,"Indian Ocean, Western",2020,30879.15
Marine crabs NEI,"Indian Ocean, Western",2021,31046.56
Marine crabs NEI,"Indian Ocean, Western",2022,40211.54
Marine crabs NEI,"Indian Ocean, Western",2023,41655.92
Marine crustaceans NEI,"Indian Ocean, Eastern",2014,9261
Marine crustaceans NEI,"Indian Ocean, Eastern",2015,9464
Marine crustaceans NEI,"Indian Ocean, Eastern",2016,11279
Marine crustaceans NEI,"Indian Ocean, Eastern",2017,10642
Marine crustaceans NEI,"Indian Ocean, Eastern",2018,11413.74
Marine crustaceans NEI,"Indian Ocean, Eastern",2019,11183.69
Marine crustaceans NEI,"Indian Ocean, Eastern",2020,7671.85
Marine crustaceans NEI,"Indian Ocean, Eastern",2021,7713.44
Marine crustaceans NEI,"Indian Ocean, Eastern",2022,9990.46
Marine crustaceans NEI,"Indian Ocean, Eastern",2023,10867.62
Marine fishes NEI,"Indian Ocean, Western",2014,55635.56
Marine fishes NEI,"Indian Ocean, Western",2015,57094.07
Marine fishes NEI,"Indian Ocean, Western",2016,34176.44
Marine fishes NEI,"Indian Ocean, Western",2017,23442.1
Marine fishes NEI,"Indian Ocean, Western",2018,45780.98
Marine fishes NEI,"Indian Ocean, Western",2019,56980.17
Marine fishes NEI,"Indian Ocean, Western",2020,73511.45
Marine fishes NEI,"Indian Ocean, Western",2021,130062.2
Marine fishes NEI,"Indian Ocean, Western",2022,80558.82
Marine fishes NEI,"Indian Ocean, Western",2023,88240.9
Marine molluscs NEI,"Indian Ocean, Eastern",2014,94746.94
Marine molluscs NEI,"Indian Ocean, Eastern",2015,96544.93
Marine molluscs NEI,"Indian Ocean, Eastern",2016,58220.76
Marine molluscs NEI,"Indian Ocean, Eastern",2017,39934.44
Marine molluscs NEI,"Indian Ocean, Eastern",2018,77989.49
Marine molluscs NEI,"Indian Ocean, Eastern",2019,97067.7
Marine molluscs NEI,"Indian Ocean, Eastern",2020,125227.99
Marine molluscs NEI,"Indian Ocean, Eastern",2021,221563.14
Marine molluscs NEI,"Indian Ocean, Eastern",2022,137233.3
Marine molluscs NEI,"Indian Ocean, Eastern",2023,147351.22
Marine molluscs NEI,"Indian Ocean, Western",2014,77000
Marine molluscs NEI,"Indian Ocean, Western",2015,55200
Marine molluscs NEI,"Indian Ocean, Western",2016,48650
Marine molluscs NEI,"Indian Ocean, Western",2017,58172.85
Marine molluscs NEI,"Indian Ocean, Western",2018,75943.57
Marine molluscs NEI,"Indian Ocean, Western",2019,65484.74
Marine molluscs NEI,"Indian Ocean, Western",2020,61723.47
Marine molluscs NEI,"Indian Ocean, Western",2021,57940.76
Marine molluscs NEI,"Indian Ocean, Western",2022,68262.1
Marine molluscs NEI,"Indian Ocean, Western",2023,78349.71
"Marlins,sailfishes,etc. NEI","Indian Ocean, Eastern",2014,63014
"Marlins,sailfishes,etc. NEI","Indian Ocean, Eastern",2015,45184
"Marlins,sailfishes,etc. NEI","Indian Ocean, Eastern",2016,39808
"Marlins,sailfishes,etc. NEI","Indian Ocean, Eastern",2017,47601.15
"Marlins,sailfishes,etc. NEI","Indian Ocean, Eastern",2018,62142.43
"Marlins,sailfishes,etc. NEI","Indian Ocean, Eastern",2019,53584.26
"Marlins,sailfishes,etc. NEI","Indian Ocean, Eastern",2020,50506.53
"Marlins,sailfishes,etc. NEI","Indian Ocean, Eastern",2021,47411.24
"Marlins,sailfishes,etc. NEI","Indian Ocean, Eastern",2022,55856.9
"Marlins,sailfishes,etc. NEI","Indian Ocean, Eastern",2023,59921.89
"Marlins,sailfishes,etc. NEI","Indian Ocean, Western",2014,29
"Marlins,sailfishes,etc. NEI","Indian Ocean, Western",2015,51
"Marlins,sailfishes,etc. NEI","Indian Ocean, Western",2016,97
"Marlins,sailfishes,etc. NEI","Indian Ocean, Western",2017,81
"Marlins,sailfishes,etc. NEI","Indian Ocean, Western",2018,0
"Marlins,sailfishes,etc. NEI","Indian Ocean, Western",2019,0
"Marlins,sailfishes,etc. NEI","Indian Ocean, Western",2020,0
"Marlins,sailfishes,etc. NEI","Indian Ocean, Western",2021,0
"Marlins,sailfishes,etc. NEI","Indian Ocean, Western",2022,0
"Marlins,sailfishes,etc. NEI","Indian Ocean, Western",2023,0
Mullets NEI,"Indian Ocean, Eastern",2014,4880
Mullets NEI,"Indian Ocean, Eastern",2015,5250
Mullets NEI,"Indian Ocean, Eastern",2016,5700
Mullets NEI,"Indian Ocean, Eastern",2017,6200
Mullets NEI,"Indian Ocean, Eastern",2018,6619.3
Mullets NEI,"Indian Ocean, Eastern",2019,6964.66
Mullets NEI,"Indian Ocean, Eastern",2020,6998.62
Mullets NEI,"Indian Ocean, Eastern",2021,7198.5
Mullets NEI,"Indian Ocean, Eastern",2022,7366.09
Mullets NEI,"Indian Ocean, Eastern",2023,8487.82
Mullets NEI,"Indian Ocean, Western",2014,5100
Mullets NEI,"Indian Ocean, Western",2015,6000
Mullets NEI,"Indian Ocean, Western",2016,6008
Mullets NEI,"Indian Ocean, Western",2017,5989
Mullets NEI,"Indian Ocean, Western",2018,4281.09
Mullets NEI,"Indian Ocean, Western",2019,10890.94
Mullets NEI,"Indian Ocean, Western",2020,6530.64
Mullets NEI,"Indian Ocean, Western",2021,5792.11
Mullets NEI,"Indian Ocean, Western",2022,7926.24
Mullets NEI,"Indian Ocean, Western",2023,8313.21
Narrow-barred Spanish mackerel,"Indian Ocean, Eastern",2014,1692
Narrow-barred Spanish mackerel,"Indian Ocean, Eastern",2015,1954
Narrow-barred Spanish mackerel,"Indian Ocean, Eastern",2016,1956
Narrow-barred Spanish mackerel,"Indian Ocean, Eastern",2017,1950
Narrow-barred Spanish mackerel,"Indian Ocean, Eastern",2018,1393.91
Narrow-barred Spanish mackerel,"Indian Ocean, Eastern",2019,3546.06
Narrow-barred Spanish mackerel,"Indian Ocean, Eastern",2020,2126.36
Narrow-barred Spanish mackerel,"Indian Ocean, Eastern",2021,1885.89
Narrow-barred Spanish mackerel,"Indian Ocean, Eastern",2022,2580.76
Narrow-barred Spanish mackerel,"Indian Ocean, Eastern",2023,6311
Narrow-barred Spanish mackerel,"Indian Ocean, Western",2014,11873.61
Narrow-barred Spanish mackerel,"Indian Ocean, Western",2015,16264.15
Narrow-barred Spanish mackerel,"Indian Ocean, Western",2016,15939.59
Narrow-barred Spanish mackerel,"Indian Ocean, Western",2017,12289
Narrow-barred Spanish mackerel,"Indian Ocean, Western",2018,11385.66
Narrow-barred Spanish mackerel,"Indian Ocean, Western",2019,16694
Narrow-barred Spanish mackerel,"Indian Ocean, Western",2020,11887
Narrow-barred Spanish mackerel,"Indian Ocean, Western",2021,18438.75
Narrow-barred Spanish mackerel,"Indian Ocean, Western",2022,13580.68
Narrow-barred Spanish mackerel,"Indian Ocean, Western",2023,10914
Natantian decapods NEI,"Indian Ocean, Eastern",2014,24000
Natantian decapods NEI,"Indian Ocean, Eastern",2015,25750
Natantian decapods NEI,"Indian Ocean, Eastern",2016,27950
Natantian decapods NEI,"Indian Ocean, Eastern",2017,30500
Natantian decapods NEI,"Indian Ocean, Eastern",2018,32527.51
Natantian decapods NEI,"Indian Ocean, Eastern",2019,34178.59
Natantian decapods NEI,"Indian Ocean, Eastern",2020,34345.26
Natantian decapods NEI,"Indian Ocean, Eastern",2021,35326.17
Natantian decapods NEI,"Indian Ocean, Eastern",2022,36148.59
Natantian decapods NEI,"Indian Ocean, Eastern",2023,38665.42
Natantian decapods NEI,"Indian Ocean, Western",2014,49405
Natantian decapods NEI,"Indian Ocean, Western",2015,40101
Natantian decapods NEI,"Indian Ocean, Western",2016,45558
Natantian decapods NEI,"Indian Ocean, Western",2017,54476
Natantian decapods NEI,"Indian Ocean, Western",2018,52128.47
Natantian decapods NEI,"Indian Ocean, Western",2019,48391.56
Natantian decapods NEI,"Indian Ocean, Western",2020,27078.67
Natantian decapods NEI,"Indian Ocean, Western",2021,41895.48
Natantian decapods NEI,"Indian Ocean, Western",2022,39507.38
Natantian decapods NEI,"Indian Ocean, Western",2023,42284.24
"Octopuses, etc. NEI","Indian Ocean, Eastern",2014,134000
"Octopuses, etc. NEI","Indian Ocean, Eastern",2015,109000
"Octopuses, etc. NEI","Indian Ocean, Eastern",2016,124000
"Octopuses, etc. NEI","Indian Ocean, Eastern",2017,148272
"Octopuses, etc. NEI","Indian Ocean, Eastern",2018,141882.53
"Octopuses, etc. NEI","Indian Ocean, Eastern",2019,131711.45
"Octopuses, etc. NEI","Indian Ocean, Eastern",2020,73702.33
"Octopuses, etc. NEI","Indian Ocean, Eastern",2021,114030.52
"Octopuses, etc. NEI","Indian Ocean, Eastern",2022,107530.62
"Octopuses, etc. NEI","Indian Ocean, Eastern",2023,125830.62
"Octopuses, etc. NEI","Indian Ocean, Western",2014,0
"Octopuses, etc. NEI","Indian Ocean, Western",2015,1709
"Octopuses, etc. NEI","Indian Ocean, Western",2016,2185
"Octopuses, etc. NEI","Indian Ocean, Western",2017,1620
"Octopuses, etc. NEI","Indian Ocean, Western",2018,2379.97
"Octopuses, etc. NEI","Indian Ocean, Western",2019,1815.76
"Octopuses, etc. NEI","Indian Ocean, Western",2020,1001.12
"Octopuses, etc. NEI","Indian Ocean, Western",2021,1908.62
"Octopuses, etc. NEI","Indian Ocean, Western",2022,3374.8
"Octopuses, etc. NEI","Indian Ocean, Western",2023,3520.7
Percoids NEI,"Indian Ocean, Eastern",2014,19800
Percoids NEI,"Indian Ocean, Eastern",2015,21300
Percoids NEI,"Indian Ocean, Eastern",2016,23100
Percoids NEI,"Indian Ocean, Eastern",2017,25200
Percoids NEI,"Indian Ocean, Eastern",2018,26872.22
Percoids NEI,"Indian Ocean, Eastern",2019,28252.01
Percoids NEI,"Indian Ocean, Eastern",2020,28389.77
Percoids NEI,"Indian Ocean, Eastern",2021,29200.59
Percoids NEI,"Indian Ocean, Eastern",2022,29880.41
Percoids NEI,"Indian Ocean, Eastern",2023,34417.41
Percoids NEI,"Indian Ocean, Western",2014,28800
Percoids NEI,"Indian Ocean, Western",2015,0
Percoids NEI,"Indian Ocean, Western",2016,0
Percoids NEI,"Indian Ocean, Western",2017,0
Percoids NEI,"Indian Ocean, Western",2018,0
Percoids NEI,"Indian Ocean, Western",2019,0
Percoids NEI,"Indian Ocean, Western",2020,0
Percoids NEI,"Indian Ocean, Western",2021,0
Percoids NEI,"Indian Ocean, Western",2022,0
Percoids NEI,"Indian Ocean, Western",2023,0
Pike-congers NEI,"Indian Ocean, Eastern",2014,810
Pike-congers NEI,"Indian Ocean, Eastern",2015,870
Pike-congers NEI,"Indian Ocean, Eastern",2016,945
Pike-congers NEI,"Indian Ocean, Eastern",2017,1000
Pike-congers NEI,"Indian Ocean, Eastern",2018,1087.75
Pike-congers NEI,"Indian Ocean, Eastern",2019,1151.11
Pike-congers NEI,"Indian Ocean, Eastern",2020,1156.72
Pike-congers NEI,"Indian Ocean, Eastern",2021,1189.76
Pike-congers NEI,"Indian Ocean, Eastern",2022,1217.45
Pike-congers NEI,"Indian Ocean, Eastern",2023,1281.99
Pike-congers NEI,"Indian Ocean, Western",2014,3644
Pike-congers NEI,"Indian Ocean, Western",2015,4193
Pike-congers NEI,"Indian Ocean, Western",2016,4186
Pike-congers NEI,"Indian Ocean, Western",2017,4937
Pike-congers NEI,"Indian Ocean, Western",2018,4420.97
Pike-congers NEI,"Indian Ocean, Western",2019,4617.34
Pike-congers NEI,"Indian Ocean, Western",2020,3655.34
Pike-congers NEI,"Indian Ocean, Western",2021,5638.91
Pike-congers NEI,"Indian Ocean, Western",2022,6374.18
Pike-congers NEI,"Indian Ocean, Western",2023,6917.56
Pompanos NEI,"Indian Ocean, Eastern",2014,5900
Pompanos NEI,"Indian Ocean, Eastern",2015,7000
Pompanos NEI,"Indian Ocean, Eastern",2016,6985
Pompanos NEI,"Indian Ocean, Eastern",2017,8237
Pompanos NEI,"Indian Ocean, Eastern",2018,7376.03
Pompanos NEI,"Indian Ocean, Eastern",2019,7703.66
Pompanos NEI,"Indian Ocean, Eastern",2020,6098.66
Pompanos NEI,"Indian Ocean, Eastern",2021,9408.09
Pompanos NEI,"Indian Ocean, Eastern",2022,10634.82
Pompanos NEI,"Indian Ocean, Eastern",2023,12186.49
Ponyfishes(=Slipmouths) NEI,"Indian Ocean, Western",2014,95900
Ponyfishes(=Slipmouths) NEI,"Indian Ocean, Western",2015,75000
Ponyfishes(=Slipmouths) NEI,"Indian Ocean, Western",2016,71200
Ponyfishes(=Slipmouths) NEI,"Indian Ocean, Western",2017,69003
Ponyfishes(=Slipmouths) NEI,"Indian Ocean, Western",2018,60068.78
Ponyfishes(=Slipmouths) NEI,"Indian Ocean, Western",2019,77224.93
Ponyfishes(=Slipmouths) NEI,"Indian Ocean, Western",2020,46270.64
Ponyfishes(=Slipmouths) NEI,"Indian Ocean, Western",2021,49830.51
Ponyfishes(=Slipmouths) NEI,"Indian Ocean, Western",2022,45430.18
Ponyfishes(=Slipmouths) NEI,"Indian Ocean, Western",2023,49938.6
Red seaweeds,"Indian Ocean, Western",2014,28635
Red seaweeds,"Indian Ocean, Western",2015,22663
Red seaweeds,"Indian Ocean, Western",2016,21564
Red seaweeds,"Indian Ocean, Western",2017,20898
Red seaweeds,"Indian Ocean, Western",2018,18192.22
Red seaweeds,"Indian Ocean, Western",2019,23388.06
Red seaweeds,"Indian Ocean, Western",2020,14013.36
Red seaweeds,"Indian Ocean, Western",2021,15091.49
Red seaweeds,"Indian Ocean, Western",2022,13758.82
Red seaweeds,"Indian Ocean, Western",2023,15461.41
Red-toothed triggerfish,"Indian Ocean, Eastern",2014,4250
Red-toothed triggerfish,"Indian Ocean, Eastern",2015,4200
Red-toothed triggerfish,"Indian Ocean, Eastern",2016,4626
Red-toothed triggerfish,"Indian Ocean, Eastern",2017,4415.56
Red-toothed triggerfish,"Indian Ocean, Eastern",2018,3581.46
Red-toothed triggerfish,"Indian Ocean, Eastern",2019,4603.49
Red-toothed triggerfish,"Indian Ocean, Eastern",2020,7865.69
Red-toothed triggerfish,"Indian Ocean, Eastern",2021,10034.13
Red-toothed triggerfish,"Indian Ocean, Eastern",2022,17001.63
Red-toothed triggerfish,"Indian Ocean, Eastern",2023,25454
Red-toothed triggerfish,"Indian Ocean, Western",2014,0
Red-toothed triggerfish,"Indian Ocean, Western",2015,0
Red-toothed triggerfish,"Indian Ocean, Western",2016,0
Red-toothed triggerfish,"Indian Ocean, Western",2017,0
Red-toothed triggerfish,"Indian Ocean, Western",2018,26683.94
Red-toothed triggerfish,"Indian Ocean, Western",2019,101241.02
Red-toothed triggerfish,"Indian Ocean, Western",2020,0
Red-toothed triggerfish,"Indian Ocean, Western",2021,8935.83
Red-toothed triggerfish,"Indian Ocean, Western",2022,2049.94
Red-toothed triggerfish,"Indian Ocean, Western",2023,2138.18
Scads NEI,"Indian Ocean, Western",2014,0
Scads NEI,"Indian Ocean, Western",2015,39131
Scads NEI,"Indian Ocean, Western",2016,36757
Scads NEI,"Indian Ocean, Western",2017,37790
Scads NEI,"Indian Ocean, Western",2018,45583.12
Scads NEI,"Indian Ocean, Western",2019,25826.37
Scads NEI,"Indian Ocean, Western",2020,30016.48
Scads NEI,"Indian Ocean, Western",2021,7502.72
Scads NEI,"Indian Ocean, Western",2022,57160.83
Scads NEI,"Indian Ocean, Western",2023,65041.32
Sea catfishes NEI,"Indian Ocean, Eastern",2014,0
Sea catfishes NEI,"Indian Ocean, Eastern",2015,73000
Sea catfishes NEI,"Indian Ocean, Eastern",2016,68300
Sea catfishes NEI,"Indian Ocean, Eastern",2017,70220
Sea catfishes NEI,"Indian Ocean, Eastern",2018,84700.88
Sea catfishes NEI,"Indian Ocean, Eastern",2019,47989.63
Sea catfishes NEI,"Indian Ocean, Eastern",2020,55775.52
Sea catfishes NEI,"Indian Ocean, Eastern",2021,13941.28
Sea catfishes NEI,"Indian Ocean, Eastern",2022,106214.17
Sea catfishes NEI,"Indian Ocean, Eastern",2023,117688.78
Sea catfishes NEI,"Indian Ocean, Western",2014,32975
Sea catfishes NEI,"Indian Ocean, Western",2015,39754
Sea catfishes NEI,"Indian Ocean, Western",2016,38459
Sea catfishes NEI,"Indian Ocean, Western",2017,42096
Sea catfishes NEI,"Indian Ocean, Western",2018,25859.99
Sea catfishes NEI,"Indian Ocean, Western",2019,31034.56
Sea catfishes NEI,"Indian Ocean, Western",2020,27515.15
Sea catfishes NEI,"Indian Ocean, Western",2021,26741.75
Sea catfishes NEI,"Indian Ocean, Western",2022,30015.78
Sea catfishes NEI,"Indian Ocean, Western",2023,32169.52
"Sharks, rays, skates, etc. NEI","Indian Ocean, Eastern",2014,35700
"Sharks, rays, skates, etc. NEI","Indian Ocean, Eastern",2015,43600
"Sharks, rays, skates, etc. NEI","Indian Ocean, Eastern",2016,42100
"Sharks, rays, skates, etc. NEI","Indian Ocean, Eastern",2017,46081
"Sharks, rays, skates, etc. NEI","Indian Ocean, Eastern",2018,28308.01
"Sharks, rays, skates, etc. NEI","Indian Ocean, Eastern",2019,33972.44
"Sharks, rays, skates, etc. NEI","Indian Ocean, Eastern",2020,30119.85
"Sharks, rays, skates, etc. NEI","Indian Ocean, Eastern",2021,29273.25
"Sharks, rays, skates, etc. NEI","Indian Ocean, Eastern",2022,32857.22
"Sharks, rays, skates, etc. NEI","Indian Ocean, Eastern",2023,47239
"Sharks, rays, skates, etc. NEI","Indian Ocean, Western",2014,33500
"Sharks, rays, skates, etc. NEI","Indian Ocean, Western",2015,37200
"Sharks, rays, skates, etc. NEI","Indian Ocean, Western",2016,37500
"Sharks, rays, skates, etc. NEI","Indian Ocean, Western",2017,28509
"Sharks, rays, skates, etc. NEI","Indian Ocean, Western",2018,29891
"Sharks, rays, skates, etc. NEI","Indian Ocean, Western",2019,31040.47
"Sharks, rays, skates, etc. NEI","Indian Ocean, Western",2020,18386.84
"Sharks, rays, skates, etc. NEI","Indian Ocean, Western",2021,22197.21
"Sharks, rays, skates, etc. NEI","Indian Ocean, Western",2022,20207.93
"Sharks, rays, skates, etc. NEI","Indian Ocean, Western",2023,5348
Silver pomfret,"Indian Ocean, Eastern",2014,13784
Silver pomfret,"Indian Ocean, Eastern",2015,15234
Silver pomfret,"Indian Ocean, Eastern",2016,15340
Silver pomfret,"Indian Ocean, Eastern",2017,11662
Silver pomfret,"Indian Ocean, Eastern",2018,12226.94
Silver pomfret,"Indian Ocean, Eastern",2019,12697.53
Silver pomfret,"Indian Ocean, Eastern",2020,7521.16
Silver pomfret,"Indian Ocean, Eastern",2021,9079.79
Silver pomfret,"Indian Ocean, Eastern",2022,8266.07
Silver pomfret,"Indian Ocean, Eastern",2023,11232
Silver pomfret,"Indian Ocean, Western",2014,0
Silver pomfret,"Indian Ocean, Western",2015,0
Silver pomfret,"Indian Ocean, Western",2016,0
Silver pomfret,"Indian Ocean, Western",2017,0
Silver pomfret,"Indian Ocean, Western",2018,0
Silver pomfret,"Indian Ocean, Western",2019,17164.7
Silver pomfret,"Indian Ocean, Western",2020,14031.3
Silver pomfret,"Indian Ocean, Western",2021,10081.84
Silver pomfret,"Indian Ocean, Western",2022,13690.48
Silver pomfret,"Indian Ocean, Western",2023,16204.85
Skipjack tuna,"Indian Ocean, Eastern",2014,0
Skipjack tuna,"Indian Ocean, Eastern",2015,0
Skipjack tuna,"Indian Ocean, Eastern",2016,0
Skipjack tuna,"Indian Ocean, Eastern",2017,0
Skipjack tuna,"Indian Ocean, Eastern",2018,0
Skipjack tuna,"Indian Ocean, Eastern",2019,11441.3
Skipjack tuna,"Indian Ocean, Eastern",2020,9352.7
Skipjack tuna,"Indian Ocean, Eastern",2021,6720.15
Skipjack tuna,"Indian Ocean, Eastern",2022,9125.52
Skipjack tuna,"Indian Ocean, Eastern",2023,9617.28
Skipjack tuna,"Indian Ocean, Western",2014,5122.39
Skipjack tuna,"Indian Ocean, Western",2015,1499.95
Skipjack tuna,"Indian Ocean, Western",2016,2946.13
Skipjack tuna,"Indian Ocean, Western",2017,1892.78
Skipjack tuna,"Indian Ocean, Western",2018,16346.85
Skipjack tuna,"Indian Ocean, Western",2019,11823.09
Skipjack tuna,"Indian Ocean, Western",2020,8132.05
Skipjack tuna,"Indian Ocean, Western",2021,12123.21
Skipjack tuna,"Indian Ocean, Western",2022,10447.39
Skipjack tuna,"Indian Ocean, Western",2023,13026.12
"Snappers, jobfishes NEI","Indian Ocean, Eastern",2014,130000
"Snappers, jobfishes NEI","Indian Ocean, Eastern",2015,139700
"Snappers, jobfishes NEI","Indian Ocean, Eastern",2016,151720
"Snappers, jobfishes NEI","Indian Ocean, Eastern",2017,165300
"Snappers, jobfishes NEI","Indian Ocean, Eastern",2018,176316.28
"Snappers, jobfishes NEI","Indian Ocean, Eastern",2019,185407.82
"Snappers, jobfishes NEI","Indian Ocean, Eastern",2020,186311.93
"Snappers, jobfishes NEI","Indian Ocean, Eastern",2021,191633.04
"Snappers, jobfishes NEI","Indian Ocean, Eastern",2022,196094.45
"Snappers, jobfishes NEI","Indian Ocean, Eastern",2023,222793.89
"Snappers, jobfishes NEI","Indian Ocean, Western",2014,0
"Snappers, jobfishes NEI","Indian Ocean, Western",2015,5230
"Snappers, jobfishes NEI","Indian Ocean, Western",2016,5580
"Snappers, jobfishes NEI","Indian Ocean, Western",2017,5572
"Snappers, jobfishes NEI","Indian Ocean, Western",2018,6181.22
"Snappers, jobfishes NEI","Indian Ocean, Western",2019,5427.91
"Snappers, jobfishes NEI","Indian Ocean, Western",2020,5937
"Snappers, jobfishes NEI","Indian Ocean, Western",2021,5071.91
"Snappers, jobfishes NEI","Indian Ocean, Western",2022,6098.58
"Snappers, jobfishes NEI","Indian Ocean, Western",2023,6676.31
Stolephorus anchovies NEI,"Indian Ocean, Eastern",2014,0
Stolephorus anchovies NEI,"Indian Ocean, Eastern",2015,4630
Stolephorus anchovies NEI,"Indian Ocean, Eastern",2016,4953
Stolephorus anchovies NEI,"Indian Ocean, Eastern",2017,4946
Stolephorus anchovies NEI,"Indian Ocean, Eastern",2018,5486.78
Stolephorus anchovies NEI,"Indian Ocean, Eastern",2019,4818.09
Stolephorus anchovies NEI,"Indian Ocean, Eastern",2020,5270
Stolephorus anchovies NEI,"Indian Ocean, Eastern",2021,4502.09
Stolephorus anchovies NEI,"Indian Ocean, Eastern",2022,5413.42
Stolephorus anchovies NEI,"Indian Ocean, Eastern",2023,5831.39
Stolephorus anchovies NEI,"Indian Ocean, Western",2014,0
Stolephorus anchovies NEI,"Indian Ocean, Western",2015,25982
Stolephorus anchovies NEI,"Indian Ocean, Western",2016,25271
Stolephorus anchovies NEI,"Indian Ocean, Western",2017,26620
Stolephorus anchovies NEI,"Indian Ocean, Western",2018,29875.93
Stolephorus anchovies NEI,"Indian Ocean, Western",2019,43470.56
Stolephorus anchovies NEI,"Indian Ocean, Western",2020,24415.59
Stolephorus anchovies NEI,"Indian Ocean, Western",2021,24010.49
Stolephorus anchovies NEI,"Indian Ocean, Western",2022,36349.62
Stolephorus anchovies NEI,"Indian Ocean, Western",2023,40373.64
Stomatopods NEI,"Indian Ocean, Eastern",2014,0
Stomatopods NEI,"Indian Ocean, Eastern",2015,37400
Stomatopods NEI,"Indian Ocean, Eastern",2016,36300
Stomatopods NEI,"Indian Ocean, Eastern",2017,38239
Stomatopods NEI,"Indian Ocean, Eastern",2018,42916.07
Stomatopods NEI,"Indian Ocean, Eastern",2019,62444.44
Stomatopods NEI,"Indian Ocean, Eastern",2020,35072.41
Stomatopods NEI,"Indian Ocean, Eastern",2021,34490.51
Stomatopods NEI,"Indian Ocean, Eastern",2022,52215.38
Stomatopods NEI,"Indian Ocean, Eastern",2023,56698.22
Streaked seerfish,"Indian Ocean, Eastern",2014,24266
Streaked seerfish,"Indian Ocean, Eastern",2015,25694
Streaked seerfish,"Indian Ocean, Eastern",2016,13861
Streaked seerfish,"Indian Ocean, Eastern",2017,14784
Streaked seerfish,"Indian Ocean, Eastern",2018,9636
Streaked seerfish,"Indian Ocean, Eastern",2019,8602
Streaked seerfish,"Indian Ocean, Eastern",2020,4381
Streaked seerfish,"Indian Ocean, Eastern",2021,6701
Streaked seerfish,"Indian Ocean, Eastern",2022,10535
Streaked seerfish,"Indian Ocean, Eastern",2023,11022.31
Streaked seerfish,"Indian Ocean, Western",2014,12
Streaked seerfish,"Indian Ocean, Western",2015,3
Streaked seerfish,"Indian Ocean, Western",2016,4
Streaked seerfish,"Indian Ocean, Western",2017,20
Streaked seerfish,"Indian Ocean, Western",2018,0
Streaked seerfish,"Indian Ocean, Western",2019,0
Streaked seerfish,"Indian Ocean, Western",2020,0
Streaked seerfish,"Indian Ocean, Western",2021,0
Streaked seerfish,"Indian Ocean, Western",2022,8.45
Streaked seerfish,"Indian Ocean, Western",2023,9.4
Striped bonito,"Indian Ocean, Eastern",2014,8
Striped bonito,"Indian Ocean, Eastern",2015,9
Striped bonito,"Indian Ocean, Eastern",2016,11
Striped bonito,"Indian Ocean, Eastern",2017,54
Striped bonito,"Indian Ocean, Eastern",2018,0
Striped bonito,"Indian Ocean, Eastern",2019,0
Striped bonito,"Indian Ocean, Eastern",2020,0
Striped bonito,"Indian Ocean, Eastern",2021,0
Striped bonito,"Indian Ocean, Eastern",2022,8.55
Striped bonito,"Indian Ocean, Eastern",2023,9
Striped bonito,"Indian Ocean, Western",2014,352.57
Striped bonito,"Indian Ocean, Western",2015,254.78
Striped bonito,"Indian Ocean, Western",2016,156.99
Striped bonito,"Indian Ocean, Western",2017,354.03
Striped bonito,"Indian Ocean, Western",2018,0
Striped bonito,"Indian Ocean, Western",2019,102
Striped bonito,"Indian Ocean, Western",2020,46
Striped bonito,"Indian Ocean, Western",2021,480
Striped bonito,"Indian Ocean, Western",2022,337.72
Striped bonito,"Indian Ocean, Western",2023,38
Striped marlin,"Indian Ocean, Eastern",2014,697.43
Striped marlin,"Indian Ocean, Eastern",2015,527.22
Striped marlin,"Indian Ocean, Eastern",2016,321.04
Striped marlin,"Indian Ocean, Eastern",2017,753.97
Striped marlin,"Indian Ocean, Eastern",2018,0
Striped marlin,"Indian Ocean, Eastern",2019,453
Striped marlin,"Indian Ocean, Eastern",2020,457
Striped marlin,"Indian Ocean, Eastern",2021,521.87
Striped marlin,"Indian Ocean, Eastern",2022,367.18
Striped marlin,"Indian Ocean, Eastern",2023,381
Striped marlin,"Indian Ocean, Western",2014,0
Striped marlin,"Indian Ocean, Western",2015,414
Striped marlin,"Indian Ocean, Western",2016,0
Striped marlin,"Indian Ocean, Western",2017,10.7
Striped marlin,"Indian Ocean, Western",2018,15.47
Striped marlin,"Indian Ocean, Western",2019,0
Striped marlin,"Indian Ocean, Western",2020,0
Striped marlin,"Indian Ocean, Western",2021,0
Striped marlin,"Indian Ocean, Western",2022,0
Striped marlin,"Indian Ocean, Western",2023,0
Swordfish,"Indian Ocean, Eastern",2014,0
Swordfish,"Indian Ocean, Eastern",2015,0
Swordfish,"Indian Ocean, Eastern",2016,0
Swordfish,"Indian Ocean, Eastern",2017,43.99
Swordfish,"Indian Ocean, Eastern",2018,4.12
Swordfish,"Indian Ocean, Eastern",2019,0
Swordfish,"Indian Ocean, Eastern",2020,0
Swordfish,"Indian Ocean, Eastern",2021,0
Swordfish,"Indian Ocean, Eastern",2022,0
Swordfish,"Indian Ocean, Eastern",2023,0
Swordfish,"Indian Ocean, Western",2014,1615.5
Swordfish,"Indian Ocean, Western",2015,1962.62
Swordfish,"Indian Ocean, Western",2016,3389.49
Swordfish,"Indian Ocean, Western",2017,2094.18
Swordfish,"Indian Ocean, Western",2018,1360.62
Swordfish,"Indian Ocean, Western",2019,827.27
Swordfish,"Indian Ocean, Western",2020,216
Swordfish,"Indian Ocean, Western",2021,358.61
Swordfish,"Indian Ocean, Western",2022,315.58
Swordfish,"Indian Ocean, Western",2023,680
Threadfin and dwarf breams NEI,"Indian Ocean, Eastern",2014,233.89
Threadfin and dwarf breams NEI,"Indian Ocean, Eastern",2015,299.53
Threadfin and dwarf breams NEI,"Indian Ocean, Eastern",2016,473.1
Threadfin and dwarf breams NEI,"Indian Ocean, Eastern",2017,368.48
Threadfin and dwarf breams NEI,"Indian Ocean, Eastern",2018,1516.12
Threadfin and dwarf breams NEI,"Indian Ocean, Eastern",2019,1483.07
Threadfin and dwarf breams NEI,"Indian Ocean, Eastern",2020,298.35
Threadfin and dwarf breams NEI,"Indian Ocean, Eastern",2021,1176.63
Threadfin and dwarf breams NEI,"Indian Ocean, Eastern",2022,1035.49
Threadfin and dwarf breams NEI,"Indian Ocean, Eastern",2023,1657
Threadfin and dwarf breams NEI,"Indian Ocean, Western",2014,53431
Threadfin and dwarf breams NEI,"Indian Ocean, Western",2015,62764
Threadfin and dwarf breams NEI,"Indian Ocean, Western",2016,65699
Threadfin and dwarf breams NEI,"Indian Ocean, Western",2017,60849
Threadfin and dwarf breams NEI,"Indian Ocean, Western",2018,70778.19
Threadfin and dwarf breams NEI,"Indian Ocean, Western",2019,59033.63
Threadfin and dwarf breams NEI,"Indian Ocean, Western",2020,47374.31
Threadfin and dwarf breams NEI,"Indian Ocean, Western",2021,56094.79
Threadfin and dwarf breams NEI,"Indian Ocean, Western",2022,76646.22
Threadfin and dwarf breams NEI,"Indian Ocean, Western",2023,83782.06
"Threadfins, tasselfishes NEI","Indian Ocean, Western",2014,1299
"Threadfins, tasselfishes NEI","Indian Ocean, Western",2015,1530
"Threadfins, tasselfishes NEI","Indian Ocean, Western",2016,1328
"Threadfins, tasselfishes NEI","Indian Ocean, Western",2017,1469
"Threadfins, tasselfishes NEI","Indian Ocean, Western",2018,1090.7
"Threadfins, tasselfishes NEI","Indian Ocean, Western",2019,1238.36
"Threadfins, tasselfishes NEI","Indian Ocean, Western",2020,869.34
"Threadfins, tasselfishes NEI","Indian Ocean, Western",2021,876.16
"Threadfins, tasselfishes NEI","Indian Ocean, Western",2022,1085.24
"Threadfins, tasselfishes NEI","Indian Ocean, Western",2023,1191.96
Tuna-like fishes NEI,"Indian Ocean, Eastern",2014,8200
Tuna-like fishes NEI,"Indian Ocean, Eastern",2015,9500
Tuna-like fishes NEI,"Indian Ocean, Eastern",2016,8400
Tuna-like fishes NEI,"Indian Ocean, Eastern",2017,9295
Tuna-like fishes NEI,"Indian Ocean, Eastern",2018,6901.3
Tuna-like fishes NEI,"Indian Ocean, Eastern",2019,7835.64
Tuna-like fishes NEI,"Indian Ocean, Eastern",2020,5500.66
Tuna-like fishes NEI,"Indian Ocean, Eastern",2021,5543.84
Tuna-like fishes NEI,"Indian Ocean, Eastern",2022,6866.76
Tuna-like fishes NEI,"Indian Ocean, Eastern",2023,16043
Unicorn cod,"Indian Ocean, Western",2014,300
Unicorn cod,"Indian Ocean, Western",2015,190
Unicorn cod,"Indian Ocean, Western",2016,80
Unicorn cod,"Indian Ocean, Western",2017,241
Unicorn cod,"Indian Ocean, Western",2018,62.29
Unicorn cod,"Indian Ocean, Western",2019,68.22
Unicorn cod,"Indian Ocean, Western",2020,8.16
Unicorn cod,"Indian Ocean, Western",2021,9.64
Unicorn cod,"Indian Ocean, Western",2022,5.19
Unicorn cod,"Indian Ocean, Western",2023,5.85
Various squids NEI,"Indian Ocean, Eastern",2014,95
Various squids NEI,"Indian Ocean, Eastern",2015,66
Various squids NEI,"Indian Ocean, Eastern",2016,28
Various squids NEI,"Indian Ocean, Eastern",2017,84
Various squids NEI,"Indian Ocean, Eastern",2018,21.71
Various squids NEI,"Indian Ocean, Eastern",2019,23.78
Various squids NEI,"Indian Ocean, Eastern",2020,2.84
Various squids NEI,"Indian Ocean, Eastern",2021,3.36
Various squids NEI,"Indian Ocean, Eastern",2022,1.81
Various squids NEI,"Indian Ocean, Eastern",2023,1.88
Various squids NEI,"Indian Ocean, Western",2014,0
Various squids NEI,"Indian Ocean, Western",2015,14122
Various squids NEI,"Indian Ocean, Western",2016,17236
Various squids NEI,"Indian Ocean, Western",2017,19770
Various squids NEI,"Indian Ocean, Western",2018,17898.38
Various squids NEI,"Indian Ocean, Western",2019,16912.39
Various squids NEI,"Indian Ocean, Western",2020,10951.86
Various squids NEI,"Indian Ocean, Western",2021,11338.79
Various squids NEI,"Indian Ocean, Western",2022,16391.18
Various squids NEI,"Indian Ocean, Western",2023,18750.96
Wahoo,"Indian Ocean, Eastern",2014,0
Wahoo,"Indian Ocean, Eastern",2015,80100
Wahoo,"Indian Ocean, Eastern",2016,97650
Wahoo,"Indian Ocean, Eastern",2017,112004
Wahoo,"Indian Ocean, Eastern",2018,101400.62
Wahoo,"Indian Ocean, Eastern",2019,95814.61
Wahoo,"Indian Ocean, Eastern",2020,62046.14
Wahoo,"Indian Ocean, Eastern",2021,64238.21
Wahoo,"Indian Ocean, Eastern",2022,92861.82
Wahoo,"Indian Ocean, Eastern",2023,101849.29
Wahoo,"Indian Ocean, Western",2014,34.44
Wahoo,"Indian Ocean, Western",2015,234.7
Wahoo,"Indian Ocean, Western",2016,112.22
Wahoo,"Indian Ocean, Western",2017,126.38
Wahoo,"Indian Ocean, Western",2018,0
Wahoo,"Indian Ocean, Western",2019,519.01
Wahoo,"Indian Ocean, Western",2020,118
Wahoo,"Indian Ocean, Western",2021,0
Wahoo,"Indian Ocean, Western",2022,226.56
Wahoo,"Indian Ocean, Western",2023,409
Wolf-herrings NEI,"Indian Ocean, Eastern",2014,65.56
Wolf-herrings NEI,"Indian Ocean, Eastern",2015,220.3
Wolf-herrings NEI,"Indian Ocean, Eastern",2016,110.8
Wolf-herrings NEI,"Indian Ocean, Eastern",2017,141.62
Wolf-herrings NEI,"Indian Ocean, Eastern",2018,0
Wolf-herrings NEI,"Indian Ocean, Eastern",2019,99
Wolf-herrings NEI,"Indian Ocean, Eastern",2020,259
Wolf-herrings NEI,"Indian Ocean, Eastern",2021,0
Wolf-herrings NEI,"Indian Ocean, Eastern",2022,229.44
Wolf-herrings NEI,"Indian Ocean, Eastern",2023,99
Wolf-herrings NEI,"Indian Ocean, Western",2014,14200
Wolf-herrings NEI,"Indian Ocean, Western",2015,12000
Wolf-herrings NEI,"Indian Ocean, Western",2016,12500
Wolf-herrings NEI,"Indian Ocean, Western",2017,13144
Wolf-herrings NEI,"Indian Ocean, Western",2018,10198.88
Wolf-herrings NEI,"Indian Ocean, Western",2019,11963.83
Wolf-herrings NEI,"Indian Ocean, Western",2020,7210.58
Wolf-herrings NEI,"Indian Ocean, Western",2021,13307.54
Wolf-herrings NEI,"Indian Ocean, Western",2022,14305.76
Wolf-herrings NEI,"Indian Ocean, Western",2023,15746.62
Yellowfin tuna,"Indian Ocean, Eastern",2014,6082
Yellowfin tuna,"Indian Ocean, Eastern",2015,4922
Yellowfin tuna,"Indian Ocean, Eastern",2016,5157
Yellowfin tuna,"Indian Ocean, Eastern",2017,5422
Yellowfin tuna,"Indian Ocean, Eastern",2018,4207.12
Yellowfin tuna,"Indian Ocean, Eastern",2019,4935.17
Yellowfin tuna,"Indian Ocean, Eastern",2020,2974.42
Yellowfin tuna,"Indian Ocean, Eastern",2021,5489.46
Yellowfin tuna,"Indian Ocean, Eastern",2022,5901.24
Yellowfin tuna,"Indian Ocean, Eastern",2023,6549.11
Yellowfin tuna,"Indian Ocean, Western",2014,11039.98
Yellowfin tuna,"Indian Ocean, Western",2015,6869.99
Yellowfin tuna,"Indian Ocean, Western",2016,6717.04
Yellowfin tuna,"Indian Ocean, Western",2017,5172.06
Yellowfin tuna,"Indian Ocean, Western",2018,16112.07
Yellowfin tuna,"Indian Ocean, Western",2019,13778.25
Yellowfin tuna,"Indian Ocean, Western",2020,7961.73
Yellowfin tuna,"Indian Ocean, Western",2021,11194.49
Yellowfin tuna,"Indian Ocean, Western",2022,7876.29
Yellowfin tuna,"Indian Ocean, Western",2023,8915.93
